state_index,bitstring,is_bas_pattern,target_probability,row_0,row_1,pixel_00,pixel_01,pixel_10,pixel_11
0,0000,True,0.16666666666666666,00,00,0,0,0,0
3,0011,True,0.16666666666666666,00,11,0,0,1,1
5,0101,True,0.16666666666666666,01,01,0,1,0,1
10,1010,True,0.16666666666666666,10,10,1,0,1,0
12,1100,True,0.16666666666666666,11,00,1,1,0,0
15,1111,True,0.16666666666666666,11,11,1,1,1,1
